{"train/Loss": 0.6448447704315186, "Round": 21564, "_timestamp": 1686584367.134956, "_runtime": 332.91290283203125, "_step": 1093, "train/LR": 9.990133642141359e-05, "eval/loss": 0.5797858093541123, "eval/acc": 0.7334181355624205, "eval/F1": 0.3500221533008418, "eval/recall": 0.632, "eval/precision": 0.2420343137254902, "eval/best_thresh": 0.5, "eval/auroc": 0.7672777367773679, "_wandb": {"runtime": 335}}