{"train/Loss": 0.44672954082489014, "Round": 100632, "_timestamp": 1686578464.3821826, "_runtime": 630.8595645427704, "_step": 5130, "train/LR": 9.588773128419907e-05, "eval/loss": 0.4833299917356497, "eval/acc": 0.7314192258767944, "eval/F1": 0.39918699186991874, "eval/recall": 0.7856, "eval/precision": 0.267574931880109, "eval/best_thresh": 0.5, "eval/auroc": 0.8396619926199262, "gradients/fc.bias": {"_type": "histogram", "values": [0.0, 0.0, 0.0, 0.0, 0.0, 0.0, 0.0, 0.0, 0.0, 0.0, 0.0, 0.0, 0.0, 0.0, 0.0, 0.0, 0.0, 0.0, 0.0, 0.0, 0.0, 0.0, 0.0, 0.0, 0.0, 0.0, 0.0, 0.0, 0.0, 0.0, 0.0, 0.0, 1.0, 0.0, 0.0, 0.0, 0.0, 0.0, 0.0, 0.0, 0.0, 0.0, 0.0, 0.0, 0.0, 0.0, 0.0, 0.0, 0.0, 0.0, 0.0, 0.0, 0.0, 0.0, 0.0, 0.0, 0.0, 0.0, 0.0, 0.0, 0.0, 0.0, 0.0, 0.0], "bins": [-0.0651908665895462, -0.0651908665895462, -0.0651908665895462, -0.0651908665895462, -0.0651908665895462, -0.0651908665895462, -0.0651908665895462, -0.0651908665895462, -0.0651908665895462, -0.0651908665895462, -0.0651908665895462, -0.0651908665895462, -0.0651908665895462, -0.0651908665895462, -0.0651908665895462, -0.0651908665895462, -0.0651908665895462, -0.0651908665895462, -0.0651908665895462, -0.0651908665895462, -0.0651908665895462, -0.0651908665895462, -0.0651908665895462, -0.0651908665895462, -0.0651908665895462, -0.0651908665895462, -0.0651908665895462, -0.0651908665895462, -0.0651908665895462, -0.0651908665895462, -0.0651908665895462, -0.0651908665895462, -0.0651908665895462, -0.0651908665895462, -0.0651908665895462, -0.0651908665895462, -0.0651908665895462, -0.0651908665895462, -0.0651908665895462, -0.0651908665895462, -0.0651908665895462, -0.0651908665895462, -0.0651908665895462, -0.0651908665895462, -0.0651908665895462, -0.0651908665895462, -0.0651908665895462, -0.0651908665895462, -0.0651908665895462, -0.0651908665895462, -0.0651908665895462, -0.0651908665895462, -0.0651908665895462, -0.0651908665895462, -0.0651908665895462, -0.0651908665895462, -0.0651908665895462, -0.0651908665895462, -0.0651908665895462, -0.0651908665895462, -0.0651908665895462, -0.0651908665895462, -0.0651908665895462, -0.0651908665895462, -0.0651908665895462]}, "gradients/fc.weight": {"_type": "histogram", "values": [1.0, 0.0, 0.0, 0.0, 0.0, 0.0, 0.0, 0.0, 2.0, 0.0, 0.0, 0.0, 2.0, 0.0, 0.0, 0.0, 0.0, 0.0, 0.0, 1.0, 0.0, 2.0, 0.0, 0.0, 2.0, 1.0, 1.0, 1.0, 1.0, 2.0, 0.0, 1.0, 2.0, 1.0, 0.0, 1.0, 3.0, 3.0, 0.0, 1.0, 1.0, 1.0, 1.0, 2.0, 0.0, 1.0, 0.0, 4.0, 3.0, 2.0, 1.0, 3.0, 0.0, 0.0, 3.0, 1.0, 0.0, 5.0, 2.0, 3.0, 0.0, 2.0, 0.0, 1.0], "bins": [-0.0914563313126564, -0.0899108499288559, -0.08836536854505539, -0.08681988716125488, -0.08527440577745438, -0.08372892439365387, -0.08218344300985336, -0.08063796162605286, -0.07909248024225235, -0.07754699885845184, -0.07600151747465134, -0.07445603609085083, -0.07291055470705032, -0.07136507332324982, -0.06981959193944931, -0.0682741105556488, -0.0667286291718483, -0.06518314778804779, -0.06363766640424728, -0.06209218502044678, -0.06054670363664627, -0.059001222252845764, -0.05745574086904526, -0.05591025948524475, -0.05436478182673454, -0.052819300442934036, -0.05127381905913353, -0.04972833767533302, -0.048182856291532516, -0.04663737490773201, -0.0450918935239315, -0.043546412140131, -0.04200092703104019, -0.040455445647239685, -0.03890996426343918, -0.03736448287963867, -0.035819001495838165, -0.03427352011203766, -0.03272803872823715, -0.031182557344436646, -0.029637077823281288, -0.02809159643948078, -0.026546115055680275, -0.02500063367187977, -0.023455152288079262, -0.021909670904278755, -0.020364191383123398, -0.01881870999932289, -0.017273226752877235, -0.01572774536907673, -0.014182263985276222, -0.012636782601475716, -0.011091301217675209, -0.009545819833874702, -0.00800033938139677, -0.006454857997596264, -0.004909377079457045, -0.003363895695656538, -0.001818414544686675, -0.00027293339371681213, 0.0012725479900836945, 0.002818029373884201, 0.00436351029202342, 0.005908991675823927, 0.0074544730596244335]}, "gradients/encoder.encoding_cells.1.dconv_candidate.biases": {"_type": "histogram", "values": [1.0, 0.0, 0.0, 0.0, 0.0, 0.0, 0.0, 1.0, 0.0, 0.0, 1.0, 0.0, 1.0, 0.0, 0.0, 0.0, 0.0, 0.0, 0.0, 0.0, 0.0, 0.0, 1.0, 3.0, 1.0, 0.0, 0.0, 3.0, 0.0, 2.0, 2.0, 2.0, 5.0, 6.0, 9.0, 4.0, 2.0, 0.0, 4.0, 3.0, 2.0, 2.0, 1.0, 2.0, 2.0, 0.0, 0.0, 0.0, 0.0, 0.0, 1.0, 0.0, 0.0, 1.0, 0.0, 0.0, 1.0, 0.0, 0.0, 0.0, 0.0, 0.0, 0.0, 1.0], "bins": [-0.19106259942054749, -0.18557974696159363, -0.18009689450263977, -0.17461402714252472, -0.16913117468357086, -0.163648322224617, -0.15816546976566315, -0.1526826024055481, -0.14719974994659424, -0.14171689748764038, -0.13623404502868652, -0.13075117766857147, -0.12526832520961761, -0.11978547275066376, -0.1143026202917099, -0.10881976038217545, -0.10333690792322159, -0.09785405546426773, -0.09237119555473328, -0.08688834309577942, -0.08140548318624496, -0.07592263072729111, -0.07043977081775665, -0.0649569183588028, -0.05947406217455864, -0.053991205990314484, -0.04850834980607033, -0.04302549362182617, -0.037542641162872314, -0.03205978125333786, -0.026576928794384003, -0.021094072610139847, -0.015611216425895691, -0.010128360241651535, -0.004645504988729954, 0.0008373502641916275, 0.006320206448435783, 0.01180306263267994, 0.017285916954278946, 0.022768773138523102, 0.028251629322767258, 0.033734485507011414, 0.03921734169125557, 0.044700197875499725, 0.05018305033445358, 0.05566591024398804, 0.061148762702941895, 0.06663161516189575, 0.0721144750714302, 0.07759732753038406, 0.08308018743991852, 0.08856303989887238, 0.09404589980840683, 0.09952875226736069, 0.10501161217689514, 0.110494464635849, 0.11597731709480286, 0.12146016955375671, 0.12694302201271057, 0.13242588937282562, 0.13790874183177948, 0.14339159429073334, 0.1488744467496872, 0.15435731410980225, 0.1598401665687561]}, "gradients/encoder.encoding_cells.1.dconv_candidate.weight": {"_type": "histogram", "values": [2.0, 0.0, 2.0, 1.0, 4.0, 2.0, 2.0, 3.0, 9.0, 11.0, 10.0, 10.0, 9.0, 28.0, 21.0, 15.0, 34.0, 36.0, 36.0, 41.0, 47.0, 53.0, 83.0, 132.0, 141.0, 257.0, 311.0, 403.0, 669.0, 1076.0, 2154.0, 6437.0, 6756.0, 2264.0, 1112.0, 686.0, 431.0, 312.0, 229.0, 150.0, 131.0, 95.0, 42.0, 50.0, 36.0, 32.0, 40.0, 30.0, 18.0, 20.0, 31.0, 13.0, 10.0, 11.0, 9.0, 7.0, 3.0, 3.0, 3.0, 7.0, 1.0, 4.0, 0.0, 1.0], "bins": [-0.1506226360797882, -0.1459197849035263, -0.1412169337272644, -0.1365140825510025, -0.1318112313747406, -0.1271083950996399, -0.12240554392337799, -0.11770269274711609, -0.11299984157085419, -0.10829699039459229, -0.10359413921833038, -0.09889129549264908, -0.09418844431638718, -0.08948559314012527, -0.08478274941444397, -0.08007989823818207, -0.07537704706192017, -0.07067419588565826, -0.06597134470939636, -0.06126850098371506, -0.056565649807453156, -0.051862798631191254, -0.04715995118021965, -0.04245710372924805, -0.037754252552986145, -0.03305140137672424, -0.02834855392575264, -0.023645704612135887, -0.018942855298519135, -0.014240005984902382, -0.00953715667128563, -0.004834309220314026, -0.00013145804405212402, 0.004571391269564629, 0.009274240583181381, 0.013977089896798134, 0.018679939210414886, 0.02338278852403164, 0.02808563783764839, 0.032788485288619995, 0.0374913364648819, 0.0421941876411438, 0.0468970350921154, 0.051599882543087006, 0.05630273371934891, 0.06100558489561081, 0.06570842862129211, 0.07041127979755402, 0.07511413097381592, 0.07981698215007782, 0.08451983332633972, 0.08922267705202103, 0.09392552822828293, 0.09862837940454483, 0.10333122313022614, 0.10803407430648804, 0.11273692548274994, 0.11743977665901184, 0.12214262783527374, 0.12684547901153564, 0.13154831528663635, 0.13625116646289825, 0.14095401763916016, 0.14565686881542206, 0.15035971999168396]}, "gradients/encoder.encoding_cells.1.dconv_gate.biases": {"_type": "histogram",