{"train/MAE Loss": 0.8664732575416565, "Round": 1656, "_timestamp": 1685421245.062355, "_runtime": 467.635360956192, "_step": 178, "train/LR": 0.0004877641290737883, "eval/MAE Loss": 1.0540953633937309, "_wandb": {"runtime": 476}}